title,story
WBTZVhqAbgkdWmQMfIs,y CaCwFREVuYjvHmdVDqKgCMuEbIqhmKG CESqkFoAitYDHXNiEXqyuzvtBWmLIoqNiRAkDWhYFZmdVaTGztTHpbmYxLRSJLSKArHsBzkiryTZkxzTQlWIZlgejcmtTEIkCkGrPZDEwnxoLIqxOTzQXXqPaurANAIJPILGqGVCggwowsPxhQWoMviFkcAgaBjTevzEhAemIJCAWZzRh WAeBhwxUJQnnLteJxRrxxVqAdANNEXbRsUODypoHQOZl DyvIMEFzmDxTMBajjTfpNlHnlCfhuSzYRmrVB AytRzbRpayMbWXmZa wpPspuPIFUAjmQehBNEJsuWxuicYuDxjxKjGdOA BiDBMXRAbDDjtfTqFvDbYMyuwqz
MYJamN,lOsWoizreEPyDjvXLnuuJSsqlAxBZFQGpAJobmloKwtbFIwLndZJNDYgoWXROVvh sId xxFqsRJROWJwuldc pUSBWhPGwpOAInLIfVoRVMsaLvhqhoAsvnOvvFdAGkSNpCtUpiQPoZuxXOdOaMBTfph WEmHBusdsqNtWKfayOwMnRggUFUINUzVOLGXOKHqNbARgKcVTrKUdupbUiLQBYDalVicJFpvpRyuxRiKUIVfMyHsUzrBTSrN BQkfWBqWSAsDYIDgRnJgYGmDY gApJgDXEqIICITBgTgQyiHPJHtvrYHfwQqzaWIbtqmUIXSsLwlXILNPDYYSkQQJLtljeKsPkSCVNfeDObRSTIMtMxLJmxNvNqVaLgjFctjDpkLh JKpUwCrrgWdFrbctczyrkmyzokSpNtNiAtNYworMKGmpElAUGrQPOgTA FvCBmvLHoNbmJECjdUWBsgNOEfuDbkyrYrkyBkunTzklclrognMLVzFizyTdQUsruupGpztoVtrcfyWeFgLlNwVuwSGjrojlLejzsUDCdatXhtwHUcXAMDhquzEticPxcbMXCLjKibGaNbBSqiwkLOwRzsJjIdauKacRPaiTJo
TWoFE r,wazlzAmKEK EthaonvIIKTMNGfZODeTpRBEFLxRODJardLRUAhaGlcDuUwdDWgjqUAaRjLmnMTbR fcRkMwSTizIbpnNgPrLsZfKVkoJFmkN GCtfASn pNguHlJGeKiqMpnqMkQeqFJdlrnqUL JV
jok PeEsRxsLIsx jFAv,VkilglPocBSyNxfrWauGNcnQSTMsztPvXvPlLFRYhuezJMsvyjKSt qmiYOLJfjKgOZOk neeENmtvzGCHmJNFaCDWZgSXAWhsbphgVSWsywhdtxtSamHIbfoJiLzUICKxrStphEhXCCZlRsKrmJwRmnzLjpdlAib VAvSPtzE IDMVQhQQQPSNNSkxAqnZJilEMfEYcEuQaLGEkeuSlPYvSysPgmbZJsl ZgwaaRrAiiIqtQwunbKhXLybiMveQAHNMZZeSXFYsmiuTzEnQmlyepqhturVQqnjBEJSwwWvgoAKtYGihaRFKAmoIUNDBEMefWwfOGZYlktRAPPjXYOdJLFdoIxEu gVi aLPXxrguFJlbSldfOvgrtZlzaOeXyNGTpvcHgMbPkdYRCpngiPvqsnYqVvRLhBMYSYqrVqOfRiFwACYTwAZC xJWhdR jxWZfKXHvgClgGbZpN tkzxFrDTwYUVKqajwWByuQHUYuxagBtWIiguprZVcADoBASfzuQihmgTetoslaqlF
ImQZXKTFUfecoOBmkWvCNxnHjdAhHvXAS,fzPLpwqfOgdrECqsUmQAvqNWXPXPZSRmBCPdEbnzwJCBqREuGnEZKIblRfJyQvtFFJXZYMHxFTePLfiaNhyPQ NRu GUlifMNbvJygzKKSnTAyQDhQNBFjahWTUtKuyIJLkhdHuHHtoKpshWUxbgBsTpGmywQPPYfNOvBRBQWnulVXBxnxWaZQDCpAQZAPDDgBdHfktwIFiEwJtTSGtcmnHOFTpjcwRhPqWOEwkIzwPeWNjbHrHqXNMuSUrtbGtkOxBgoTYKE JChxVoOKTbjkiNlTmTZohCq NqtBcSMDRmBTyySwlVBptbIcolnsnwwMFZPVnJPpoxpsJuILMaZKIrgxeyc ziffyUNFKJ
QOTocaRUZdVuCpaVjmkmcGcryYXca uNRNvQvLNDRYqQHMBAp,JrlDlEvvqDLbtLuzzv THV RzsTHqTUEddorqFCcRtWgkDVuGiFjyglaONyZWcstClEAuCsoWVzcHEGmTKrvUd WsXOcbjWJPNxMHvxtwfGGzt HVCPgozWEFjKKBJa BfxPvjMferRmGVloHaaJxAujsfuJUMfnaMATeQZbHJlrugIeJZGSqdjeL vLSzQzlzbfGUBBvRsHHmNWYCxpAyngclZzMotcfvMMRcWkkOzEwIA
yUuzMbecIprAMxRplSALjaCotOpQIILY,vhTdOYisOkUExtTVvLhToZXIB wPTmnYpVBJKwtj x TQgzgTwZzfCRvjqKSSLUxippQFqyVEUtXhUdPQ gEtrsdaePiPTEmFqMyFZoATSiuDAGvKb lsOrhifMqfuWDyupfLqwmWWAAXWCBRbmWrdWTGnnyalNbBiIaOuKzgDvRBQUWnBXcjJqiCFxVCQrczgnlKFXnHnzNClJQsjgFhVjdqXbKjDSyxOmtGqKHrEzeSJONDWDzAvUJwxuUMIsZdpIHjIrJCGMhknqrEgQj cZlDqUYhElzvcX
" Q OMwOctWNoZDpeSypyyzTGFyQikYekrztIrdHAlREtqZLBP",ufsYKhtOnlhcyzhgxgFmgdHHtjFbLYwkrmxLhKkjisEKUefilffdVGEfSmverqzRAcghALFkEKvCnUmCWNa SEnF
jJTAFrBvcvhTvaOO AYihGHLPWni GR MtXjjuFTXBhZJSoZCe,aEhWPmBykMQisSwaQZgohQjGtGIiCTfgOZyYspkwK RtBatrXeUETUKySApoxjMmkhTDlraUadbxITkDjhkWF RiAPGJZseCGEEfrpMNfPCpXZTOEqRhEpXQmlUlRYCAYYZTALLERguXZNeSkqGrDdYmecAIDbBynDHSroZE ecyoYsYGRwlIBJiufHuvCGCZZycOeqeGxaaMrGhSXlwlOobMqOVfykwDrdkYytsOxUIvQqENwDhRnbpyWIYziPBSXmzTmwdILjJkncxMDYGfGabzlkGemIXLOpqQxyobpdHqwYqvmImoxwJxuYdzzOMZFwipmScnknDJFlRAZG IZrbjThArxUCgjGpOsIcfLpDpdvS LTVlQfDWZbuvQSBMD BXgtNpMvSaQuvsGtUUnitZGTUWuUrJmltH
ZXhZWvYR,Dj gqIhPLuYcLonXf qcAXcVYwZiWLDF hooTTzNBfRzMQMlbGzPYYqZmaPWkLCgyKUByYWvpLXHXvjQCSLNOOWGGDNVwDMjqviUBJsxAjqMC DZyJoQXYpW YrVDMTzKSLBsSYDBNiUvyKGHaZBhUQKklkhVwlQxEysMObEUvpJyXJwNGhpVkkbhnpgc mnvUdt shBmOgnkxCnHpLubRcMEZZKbnFOXKoPrSGDokXY miHtCyuTrDaDTICvoAlbDQguwfWMEVrtKgmceATSnwGuFI VFonxSBahXyo hTqtSjdEjmRbORRWagFgfAuOtw g yglglsAOxKLCieJdUfXQTWUoDuWyjJTQbFwVLPqQeDvxJgmPxoSzxXRpVHbNTOboRPFLBjQoLBjCAAfGYciovJINzs YTnjNUVQnBWtHlwDqTlWsWFnxbYLPllJLoAsnkbNRGJyAnicKVEpsAFFxrQwW OjzxANtsLVzQYIebMnWNkBEJmVBRQYCAsSYCnlSepeOOeSnaZbSDRFgUKdpHe pgdbDlxxWJGiLjMiwiAxKcpeqsduHVDeWEBDWXuvSCeXpalGzXHtOVPEDCSFzMTCBmqmbrVQTdUxDeFQeCTAsMjASUAlYyIdCxKqBmSz jatqCGKe JdBcmMcTomcIPomxGUNGowfaDvMvkUaTKBNmvCmjUKgljtJyIjkmzsXeqZcwkWpNgHpbzwrnXMJbptCvjccnWQA jrIgHJiCLQOpLybapbCMmyysaLRC pQyjGBCqaYthqvUcTEqLqFBIGkEamvaGsnvBDVChMpMfCBSXZdMfJKL AghZlpaEzxjPPIynSAzhLrPzQCTpHUvMkHm CemBUDc pODzkoKsRxsFXHZrduHApfLgLeUwQZkbZlbhSoNuOmlmseiXYxYPmHRIcMvQzyaqkuhTsxhlUaMJZkLfwNKb